station,lon,lat
85320,-100.5534495,18.5100352
85321,-100.506025,18.50957623
85322,-100.4586007,18.50910246
85323,-100.4111768,18.50861388
85324,-100.3637533,18.50811049
85325,-100.3163301,18.50759231
85326,-100.2689072,18.50705931
85327,-100.2214848,18.50651152
85328,-100.1740627,18.50594892
85329,-100.126641,18.50537152
85330,-100.0792197,18.50477931
85331,-100.0317988,18.50417231
85332,-99.98437836,18.50355049
85333,-99.93695834,18.50291388
85334,-99.88953876,18.50226246
85335,-99.84211965,18.50159625
85336,-99.79470099,18.50091522
85337,-99.74728281,18.5002194
86320,-100.5529745,18.55513075
86321,-100.5055344,18.55467166
86322,-100.4580946,18.55419776
86323,-100.4106551,18.55370906
86324,-100.363216,18.55320554
86325,-100.3157772,18.55268722
86326,-100.2683388,18.55215409
86327,-100.2209007,18.55160616
86328,-100.1734631,18.55104341
86329,-100.1260258,18.55046586
86330,-100.078589,18.54987351
86331,-100.0311525,18.54926634
86332,-99.98371649,18.54864437
86333,-99.9362809,18.54800759
86334,-99.88884576,18.54735601
86335,-99.84141108,18.54668962
86336,-99.79397686,18.54600842
86337,-99.74654312,18.54531242
86338,-99.69910986,18.54460161
86339,-99.6516771,18.543876
86340,-99.60424484,18.54313558
86341,-99.5568131,18.54238036
86342,-99.50938189,18.54161033
86343,-99.46195121,18.5408255
86344,-99.41452108,18.54002586
86345,-99.36709151,18.53921141
86346,-99.31966251,18.53838217
86347,-99.27223409,18.53753812
86348,-99.22480625,18.53667926
86349,-99.17737901,18.53580561
86350,-99.12995238,18.53491714
86351,-99.08252637,18.53401388
86352,-99.03510098,18.53309581
86353,-98.98767624,18.53216294
86354,-98.94025214,18.53121527
86355,-98.89282871,18.5302528
86356,-98.84540594,18.52927552
86357,-98.79798386,18.52828344
86358,-98.75056246,18.52727657
86359,-98.70314177,18.52625489
86360,-98.65572178,18.5252184
86361,-98.60830252,18.52416712
86362,-98.56088399,18.52310104
86363,-98.5134662,18.52202016
86364,-98.46604916,18.52092448
86365,-98.41863288,18.519814
86366,-98.37121737,18.51868872
86367,-98.32380265,18.51754864
87319,-100.5999552,18.60066751
87320,-100.5524992,18.60022311
87321,-100.5050435,18.5997639
87322,-100.4575881,18.59928988
87323,-100.410133,18.59880105
87324,-100.3626783,18.59829741
87325,-100.3152239,18.59777895
87326,-100.2677699,18.59724569
87327,-100.2203163,18.59669761
87328,-100.1728631,18.59613472
87329,-100.1254102,18.59555702
87330,-100.0779578,18.59496451
87331,-100.0305058,18.59435719
87332,-99.98305419,18.59373506
87333,-99.93560303,18.59309812
87334,-99.88815231,18.59244637
87335,-99.84070205,18.5917798
87336,-99.79325225,18.59109843
87337,-99.74580293,18.59040225
87338,-99.6983541,18.58969126
87339,-99.65090576,18.58896546
87340,-99.60345793,18.58822485
87341,-99.55601062,18.58746943
87342,-99.50856383,18.5866992
87343,-99.46111759,18.58591417
87344,-99.41367189,18.58511432
87345,-99.36622674,18.58429967
87346,-99.31878217,18.58347021
87347,-99.27133818,18.58262594
87348,-99.22389477,18.58176687
87349,-99.17645196,18.58089298
87350,-99.12900976,18.58000429
87351,-99.08156818,18.57910079
87352,-99.03412723,18.57818249
87353,-98.98668692,18.57724938
87354,-98.93924726,18.57630146
87355,-98.89180826,18.57533874
87356,-98.84436993,18.57436121
87357,-98.79693228,18.57336888
87358,-98.74949532,18.57236174
87359,-98.70205906,18.5713398
87360,-98.65462352,18.57030305
87361,-98.60718869,18.5692515
87362,-98.5597546,18.56818514
87363,-98.51232125,18.56710398
87364,-98.46488865,18.56600802
87365,-98.41745681,18.56489725
87366,-98.37002575,18.56377168
87367,-98.32259547,18.56263131
88319,-100.5994951,18.64575683
88320,-100.5520235,18.64531232
88321,-100.5045522,18.64485299
88322,-100.4570812,18.64437885
88323,-100.4096106,18.64388989
88324,-100.3621403,18.64338612
88325,-100.3146703,18.64286753
88326,-100.2672007,18.64233412
88327,-100.2197315,18.6417859
88328,-100.1722627,18.64122287
88329,-100.1247943,18.64064502
88330,-100.0773262,18.64005236
88331,-100.0298586,18.63944488
88332,-99.98239145,18.63882259
88333,-99.9349247,18.63818548
88334,-99.8874584,18.63753356
88335,-99.83999255,18.63686682
88336,-99.79252717,18.63618528
88337,-99.74506226,18.63548891
88338,-99.69759784,18.63477774
88339,-99.65013392,18.63405175
88340,-99.60267051,18.63331095
88341,-99.55520761,18.63255533
88342,-99.50774524,18.63178491
88343,-99.46028341,18.63099967
88344,-99.41282213,18.63019962
88345,-99.36536141,18.62938475
88346,-99.31790125,18.62855508
88347,-99.27044168,18.62771059
88348,-99.22298269,18.6268513
88349,-99.1755243,18.62597719
88350,-99.12806652,18.62508827
88351,-99.08060937,18.62418454
88352,-99.03315284,18.623266
88353,-98.98569695,18.62233264
88354,-98.93824172,18.62138448
88355,-98.89078714,18.62042151
88356,-98.84333323,18.61944373
88357,-98.79588001,18.61845114
88358,-98.74842748,18.61744374
88359,-98.70097565,18.61642154
88360,-98.65352453,18.61538452
88361,-98.60607413,18.6143327
88362,-98.55862447,18.61326606
88363,-98.51117555,18.61218462
88364,-98.46372738,18.61108838
88365,-98.41627997,18.60997732
88366,-98.36883334,18.60885146
88367,-98.32138749,18.60771079
89319,-100.5990348,18.69084302
89320,-100.5515475,18.69039839
89321,-100.5040606,18.68993894
89322,-100.4565741,18.68946468
89323,-100.4090878,18.68897559
89324,-100.3616019,18.68847169
89325,-100.3141164,18.68795296
89326,-100.2666312,18.68741942
89327,-100.2191464,18.68687106
89328,-100.1716619,18.68630788
89329,-100.1241779,18.68572988
89330,-100.0766943,18.68513706
89331,-100.0292111,18.68452943
89332,-99.98172828,18.68390697
89333,-99.93424593,18.6832697
89334,-99.88676403,18.68261761
89335,-99.83928259,18.6819507
89336,-99.79180161,18.68126898
89337,-99.74432111,18.68057244
89338,-99.69684109,18.67986108
89339,-99.64936158,18.6791349
89340,-99.60188257,18.67839391
89341,-99.55440408,18.6776381
89342,-99.50692612,18.67686747
89343,-99.45944869,18.67608203
89344,-99.41197182,18.67528177
89345,-99.3644955,18.6744667
89346,-99.31701976,18.67363681
89347,-99.26954459,18.6727921
89348,-99.22207001,18.67193258
89349,-99.17459603,18.67105824
89350,-99.12712267,18.67016909
89351,-99.07964992,18.66926513
89352,-99.03217781,18.66834635
89353,-98.98470633,18.66741276
89354,-98.93723551,18.66646435
89355,-98.88976535,18.66550113
89356,-98.84229586,18.6645231
89357,-98.79482705,18.66353025
89358,-98.74735893,18.66252259
89359,-98.69989152,18.66150012
89360,-98.65242482,18.66046283
89361,-98.60495884,18.65941074
89362,-98.5574936,18.65834383
89363,-98.5100291,18.65726211
89364,-98.46256535,18.65616558
89365,-98.41510236,18.65505423
89366,-98.36764015,18.65392808
89367,-98.32017873,18.65278712
90319,-100.5985741,18.73592609
90320,-100.5510713,18.73548135
90321,-100.5035687,18.73502179
90322,-100.4560665,18.7345474
90323,-100.4085647,18.73405819
90324,-100.3610632,18.73355415
90325,-100.313562,18.73303529
90326,-100.2660612,18.73250161
90327,-100.2185608,18.73195311
90328,-100.1710608,18.73138978
90329,-100.1235611,18.73081163
90330,-100.0760619,18.73021866
90331,-100.0285631,18.72961086
90332,-99.98106467,18.72898825
90333,-99.93356672,18.72835081
90334,-99.88606921,18.72769855
90335,-99.83857215,18.72703147
90336,-99.79107557,18.72634957
90337,-99.74357946,18.72565284
90338,-99.69608384,18.7249413
90339,-99.64858872,18.72421493
90340,-99.60109411,18.72347375
90341,-99.55360001,18.72271774
90342,-99.50610645,18.72194692
90343,-99.45861342,18.72116127
90344,-99.41112094,18.7203608
90345,-99.36362903,18.71954552
90346,-99.31613768,18.71871541
90347,-99.26864691,18.71787049
90348,-99.22115673,18.71701074
90349,-99.17366716,18.71613618
90350,-99.12617819,18.7152468
90351,-99.07868985,18.7143426
90352,-99.03120213,18.71342358
90353,-98.98371506,18.71248974
90354,-98.93622864,18.71154109
90355,-98.88874288,18.71057762
90356,-98.8412578,18.70959933
90357,-98.7937734,18.70860623
90358,-98.74628969,18.70759831
90359,-98.69880668,18.70657557
90360,-98.65132439,18.70553802
90361,-98.60384282,18.70448565
90362,-98.55636198,18.70341846
90363,-98.50888189,18.70233646
90364,-98.46140255,18.70123964
90365,-98.41392398,18.70012801
90366,-98.36644618,18.69900157
90367,-98.31896917,18.69786031
91319,-100.5981131,18.78100609
91320,-100.5505947,18.78056123
91321,-100.5030765,18.78010155
91322,-100.4555587,18.77962703
91323,-100.4080412,18.77913769
91324,-100.3605241,18.77863353
91325,-100.3130073,18.77811453
91326,-100.2654909,18.77758071
91327,-100.2179748,18.77703207
91328,-100.1704592,18.77646859
91329,-100.1229439,18.77589029
91330,-100.0754291,18.77529717
91331,-100.0279146,18.77468921
91332,-99.98040063,18.77406644
91333,-99.93288705,18.77342883
91334,-99.88537392,18.7727764
91335,-99.83786126,18.77210915
91336,-99.79034905,18.77142707
91337,-99.74283733,18.77073016
91338,-99.69532609,18.77001843
91339,-99.64781536,18.76929188
91340,-99.60030513,18.7685505
91341,-99.55279542,18.7677943
91342,-99.50528624,18.76702327
91343,-99.4577776,18.76623742
91344,-99.41026951,18.76543674
91345,-99.36276198,18.76462124
91346,-99.31525502,18.76379092
91347,-99.26774864,18.76294578
91348,-99.22024286,18.76208581
91349,-99.17273767,18.76121102
91350,-99.12523309,18.7603214
91351,-99.07772914,18.75941697
91352,-99.03022582,18.75849771
91353,-98.98272314,18.75756363
91354,-98.93522111,18.75661473
91355,-98.88771975,18.75565101
91356,-98.84021906,18.75467247
91357,-98.79271905,18.7536791
91358,-98.74521974,18.75267092
91359,-98.69772113,18.75164792
91360,-98.65022323,18.75061009
91361,-98.60272606,18.74955745
91362,-98.55522962,18.74848999
91363,-98.50773393,18.7474077
91364,-98.46023899,18.7463106
91365,-98.41274482,18.74519868
91366,-98.36525142,18.74407195
91367,-98.31775881,18.74293039
92319,-100.5976518,18.82608303
92320,-100.5501178,18.82563805
92321,-100.502584,18.82517825
92322,-100.4550505,18.82470361
92323,-100.4075174,18.82421414
92324,-100.3599846,18.82370985
92325,-100.3124522,18.82319072
92326,-100.2649202,18.82265676
92327,-100.2173885,18.82210797
92328,-100.1698572,18.82154434
92329,-100.1223263,18.82096589
92330,-100.0747959,18.82037261
92331,-100.0272658,18.8197645
92332,-99.97973614,18.81914156
92333,-99.93220694,18.81850379
92334,-99.88467819,18.81785119
92335,-99.83714989,18.81718376
92336,-99.78962206,18.8165015
92337,-99.74209471,18.81580441
92338,-99.69456785,18.8150925
92339,-99.64704149,18.81436575
92340,-99.59951563,18.81362418
92341,-99.5519903,18.81286778
92342,-99.50446549,18.81209655
92343,-99.45694123,18.81131049
92344,-99.40941752,18.81050961
92345,-99.36189437,18.8096939
92346,-99.31437178,18.80886336
92347,-99.26684978,18.80801799
92348,-99.21932838,18.8071578
92349,-99.17180757,18.80628278
92350,-99.12428737,18.80539294
92351,-99.0767678,18.80448827
92352,-99.02924886,18.80356877
92353,-98.98173056,18.80263445
92354,-98.93421292,18.8016853
92355,-98.88669594,18.80072132
92356,-98.83917963,18.79974253
92357,-98.79166401,18.7987489
92358,-98.74414908,18.79774046
92359,-98.69663486,18.79671719
92360,-98.64912135,18.79567909
92361,-98.60160857,18.79462617
92362,-98.55409652,18.79355843
92363,-98.50658521,18.79247587
92364,-98.45907467,18.79137848
92365,-98.41156488,18.79026627
92366,-98.36405588,18.78913924
92367,-98.31654766,18.78799738
93319,-100.5971903,18.87115694
93320,-100.5496405,18.87071184
93321,-100.5020911,18.87025192
93322,-100.454542,18.86977716
93323,-100.4069933,18.86928756
93324,-100.3594449,18.86878313
93325,-100.3118968,18.86826386
93326,-100.2643491,18.86772976
93327,-100.2168018,18.86718083
93328,-100.1692549,18.86661706
93329,-100.1217083,18.86603846
93330,-100.0741622,18.86544502
93331,-100.0266165,18.86483675
93332,-99.97907123,18.86421365
93333,-99.93152638,18.86357571
93334,-99.88398199,18.86292294
93335,-99.83643805,18.86225533
93336,-99.78889459,18.8615729
93337,-99.7413516,18.86087563
93338,-99.6938091,18.86016352
93339,-99.6462671,18.85943659
93340,-99.59872562,18.85869482
93341,-99.55118465,18.85793822
93342,-99.50364421,18.85716679
93343,-99.45610431,18.85638053
93344,-99.40856496,18.85557944
93345,-99.36102618,18.85476351
93346,-99.31348797,18.85393275
93347,-99.26595033,18.85308717
93348,-99.21841329,18.85222675
93349,-99.17087686,18.8513515
93350,-99.12334103,18.85046142
93351,-99.07580583,18.84955651
93352,-99.02827126,18.84863678
93353,-98.98073734,18.84770221
93354,-98.93320407,18.84675281
93355,-98.88567146,18.84578859
93356,-98.83813953,18.84480953
93357,-98.79060828,18.84381565
93358,-98.74307772,18.84280694
93359,-98.69554788,18.8417834
93360,-98.64801874,18.84074503
93361,-98.60049034,18.83969184
93362,-98.55296267,18.83862382
93363,-98.50543574,18.83754097
93364,-98.45790957,18.8364433
93365,-98.41038417,18.8353308
93366,-98.36285955,18.83420347
93367,-98.31533571,18.83306132
94319,-100.5967284,18.91622783
94320,-100.549163,18.91578263
94321,-100.5015979,18.91532258
94322,-100.4540332,18.91484769
94323,-100.4064688,18.91435797
94324,-100.3589047,18.9138534
94325,-100.311341,18.913334
94326,-100.2637777,18.91279976
94327,-100.2162147,18.91225068
94328,-100.1686521,18.91168677
94329,-100.1210899,18.91110801
94330,-100.0735282,18.91051442
94331,-100.0259668,18.90990599
94332,-99.97840587,18.90928272
94333,-99.93084538,18.90864462
94334,-99.88328534,18.90799167
94335,-99.83572575,18.90732389
94336,-99.78816664,18.90664128
94337,-99.740608,18.90594382
94338,-99.69304986,18.90523153
94339,-99.64549221,18.90450441
94340,-99.59793508,18.90376245
94341,-99.55037846,18.90300565
94342,-99.50282238,18.90223402
94343,-99.45526684,18.90144755
94344,-99.40771185,18.90064624
94345,-99.36015742,18.8998301
94346,-99.31260356,18.89899913
94347,-99.26505029,18.89815332
94348,-99.21749761,18.89729268
94349,-99.16994553,18.8964172
94350,-99.12239407,18.89552689
94351,-99.07484323,18.89462174
94352,-99.02729302,18.89370176
94353,-98.97974345,18.89276695
94354,-98.93219455,18.8918173
94355,-98.8846463,18.89085282
94356,-98.83709873,18.88987351
94357,-98.78955185,18.88887937
94358,-98.74200566,18.88787039
94359,-98.69446018,18.88684659
94360,-98.64691541,18.88580795
94361,-98.59937137,18.88475448
94362,-98.55182807,18.88368618
94363,-98.50428551,18.88260305
94364,-98.45674371,18.88150508
94365,-98.40920268,18.88039229
94366,-98.36166243,18.87926467
94367,-98.31412297,18.87812222
95319,-100.5962662,18.96129575
95320,-100.5486851,18.96085042
95321,-100.5011044,18.96039026
95322,-100.453524,18.95991524
95323,-100.4059439,18.95942539
95324,-100.3583642,18.95892069
95325,-100.3107848,18.95840116
95326,-100.2632058,18.95786677
95327,-100.2156272,18.95731755
95328,-100.168049,18.95675349
95329,-100.1204711,18.95617458
95330,-100.0728937,18.95558083
95331,-100.0253167,18.95497224
95332,-99.97774007,18.95434881
95333,-99.93016392,18.95371053
95334,-99.88258822,18.95305742
95335,-99.83501298,18.95238946
95336,-99.78743821,18.95170667
95337,-99.73986392,18.95100903
95338,-99.69229011,18.95029655
95339,-99.64471681,18.94956924
95340,-99.59714402,18.94882708
95341,-99.54957175,18.94807008
95342,-99.50200001,18.94729825
95343,-99.45442882,18.94651157
95344,-99.40685817,18.94571006
95345,-99.35928809,18.9448937
95346,-99.31171858,18.94406251
95347,-99.26414966,18.94321648
95348,-99.21658132,18.94235561
95349,-99.16901359,18.9414799
95350,-99.12144648,18.94058935
95351,-99.07387999,18.93968397
95352,-99.02631413,18.93876375
95353,-98.97874892,18.93782869
95354,-98.93118436,18.93687879
95355,-98.88362047,18.93591406
95356,-98.83605725,18.93493449
95357,-98.78849472,18.93394009
95358,-98.74093289,18.93293085
95359,-98.69337176,18.93190677
95360,-98.64581135,18.93086786
95361,-98.59825167,18.92981411
95362,-98.55069273,18.92874553
95363,-98.50313453,18.92766211
95364,-98.45557709,18.92656386
95365,-98.40802042,18.92545078
95366,-98.36046452,18.92432286
95367,-98.31290942,18.9231801
96319,-100.5958037,19.00636071
96320,-100.548207,19.00591527
96321,-100.5006106,19.00545498
96322,-100.4530145,19.00497984
96323,-100.4054187,19.00448986
96324,-100.3578233,19.00398503
96325,-100.3102283,19.00346535
96326,-100.2626336,19.00293083
96327,-100.2150393,19.00238146
96328,-100.1674454,19.00181725
96329,-100.1198519,19.00123818
96330,-100.0722588,19.00064428
96331,-100.0246661,19.00003553
96332,-99.97707384,18.99941193
96333,-99.92948202,18.99877349
96334,-99.88189065,18.9981202
96335,-99.83429974,18.99745207
96336,-99.7867093,18.99676909
96337,-99.73911934,18.99607127
96338,-99.69152987,18.99535861
96339,-99.6439409,18.9946311
96340,-99.59635244,18.99388875
96341,-99.54876451,18.99313155
96342,-99.5011771,18.99235951
96343,-99.45359024,18.99157263
96344,-99.40600393,18.9907709
96345,-99.35841819,18.98995433
96346,-99.31083302,18.98912292
96347,-99.26324843,18.98827666
96348,-99.21566443,18.98741556
96349,-99.16808104,18.98653963
96350,-99.12049826,18.98564884
96351,-99.07291611,18.98474322
96352,-99.0253346,18.98382276
96353,-98.97775373,18.98288745
96354,-98.93017351,18.98193731
96355,-98.88259396,18.98097232
96356,-98.83501509,18.97999249
96357,-98.7874369,18.97899783
96358,-98.73985941,18.97798832
96359,-98.69228263,18.97696397
96360,-98.64470657,18.97592479
96361,-98.59713123,18.97487076
96362,-98.54955663,18.9738019
96363,-98.50198278,18.9727182
96364,-98.45440969,18.97161966
96365,-98.40683737,18.97050628
96366,-98.35926583,18.96937806
96367,-98.31169508,18.96823501
97319,-100.5953409,19.05142273
97320,-100.5477285,19.05097717
97321,-100.5001164,19.05051676
97322,-100.4525046,19.0500415
97323,-100.4048932,19.04955139
97324,-100.3572821,19.04904642
97325,-100.3096714,19.04852661
97326,-100.262061,19.04799195
97327,-100.2144511,19.04744243
97328,-100.1668415,19.04687807
97329,-100.1192323,19.04629886
97330,-100.0716235,19.04570479
97331,-100.0240151,19.04509588
97332,-99.97640717,19.04447212
97333,-99.92879967,19.04383351
97334,-99.88119262,19.04318005
97335,-99.83358603,19.04251174
97336,-99.78597991,19.04182858
97337,-99.73837427,19.04113058
97338,-99.69076912,19.04041772
97339,-99.64316448,19.03969002
97340,-99.59556034,19.03894747
97341,-99.54795673,19.03819007
97342,-99.50035365,19.03741783
97343,-99.45275111,19.03663074
97344,-99.40514913,19.0358288
97345,-99.35754771,19.03501201
97346,-99.30994687,19.03418038
97347,-99.2623466,19.0333339
97348,-99.21474694,19.03247258
97349,-99.16714787,19.03159641
97350,-99.11954943,19.03070539
97351,-99.07195161,19.02979953
97352,-99.02435442,19.02887882
97353,-98.97675788,19.02794327
97354,-98.929162,19.02699287
97355,-98.88156678,19.02602763
97356,-98.83397224,19.02504754
97357,-98.78637839,19.02405261
97358,-98.73878523,19.02304284
97359,-98.69119278,19.02201822
97360,-98.64360106,19.02097876
97361,-98.59601006,19.01992446
97362,-98.54841979,19.01885531
97363,-98.50083028,19.01777132
97364,-98.45324153,19.01667249
97365,-98.40565355,19.01555882
97366,-98.35806635,19.01443031
97367,-98.31047993,19.01328695
98319,-100.5948778,19.09648185
98320,-100.5472497,19.09603617
98321,-100.4996219,19.09557564
98322,-100.4519944,19.09510025
98323,-100.4043673,19.09461001
98324,-100.3567405,19.09410491
98325,-100.3091141,19.09358496
98326,-100.2614881,19.09305015
98327,-100.2138624,19.09250049
98328,-100.1662371,19.09193598
98329,-100.1186122,19.09135661
98330,-100.0709877,19.09076239
98331,-100.0233637,19.09015332
98332,-99.97574005,19.08952939
98333,-99.92811686,19.08889061
98334,-99.88049412,19.08823698
98335,-99.83287184,19.08756849
98336,-99.78525004,19.08688516
98337,-99.73762871,19.08618696
98338,-99.69000787,19.08547392
98339,-99.64238754,19.08474603
98340,-99.59476772,19.08400328
98341,-99.54714842,19.08324568
98342,-99.49952966,19.08247323
98343,-99.45191143,19.08168593
98344,-99.40429377,19.08088378
98345,-99.35667666,19.08006678
98346,-99.30906013,19.07923493
98347,-99.26144419,19.07838822
98348,-99.21382884,19.07752667
98349,-99.16621409,19.07665027
98350,-99.11859996,19.07575901
98351,-99.07098646,19.07485291
98352,-99.02337359,19.07393196
98353,-98.97576138,19.07299616
98354,-98.92814981,19.07204551
98355,-98.88053892,19.07108001
98356,-98.8329287,19.07009967
98357,-98.78531917,19.06910447
98358,-98.73771034,19.06809443
98359,-98.69010222,19.06706954
98360,-98.64249481,19.06602981
98361,-98.59488814,19.06497522
98362,-98.54728221,19.0639058
98363,-98.49967702,19.06282152
98364,-98.4520726,19.0617224
98365,-98.40446894,19.06060843
98366,-98.35686607,19.05947962
98367,-98.30926399,19.05833596
99319,-100.5944144,19.14153809
99320,-100.5467706,19.14109229
99321,-100.4991271,19.14063164
99322,-100.4514839,19.14015612
99323,-100.4038411,19.13966575
99324,-100.3561986,19.13916052
99325,-100.3085565,19.13864043
99326,-100.2609147,19.13810548
99327,-100.2132734,19.13755567
99328,-100.1656324,19.13699101
99329,-100.1179918,19.13641149
99330,-100.0703516,19.13581711
99331,-100.0227118,19.13520787
99332,-99.9750725,19.13458378
99333,-99.92743361,19.13394483
99334,-99.87979517,19.13329102
99335,-99.83215719,19.13262236
99336,-99.78451968,19.13193884
99337,-99.73688266,19.13124046
99338,-99.68924612,19.13052723
99339,-99.64161009,19.12979914
99340,-99.59397457,19.1290562
99341,-99.54633958,19.1282984
99342,-99.49870512,19.12752574
99343,-99.4510712,19.12673823
99344,-99.40343784,19.12593587
99345,-99.35580504,19.12511865
99346,-99.30817281,19.12428658
99347,-99.26054118,19.12343965
99348,-99.21291013,19.12257787
99349,-99.1652797,19.12170123
99350,-99.11764987,19.12080974
99351,-99.07002068,19.1199034
99352,-99.02239212,19.1189822
99353,-98.97476421,19.11804615
99354,-98.92713696,19.11709525
99355,-98.87951038,19.1161295
99356,-98.83188447,19.11514889
99357,-98.78425926,19.11415343
99358,-98.73663474,19.11314312
99359,-98.68901093,19.11211796
99360,-98.64138784,19.11107795
99361,-98.59376548,19.11002309
99362,-98.54614387,19.10895337
99363,-98.498523,19.10786881
99364,-98.45090289,19.10676939
99365,-98.40328356,19.10565513
99366,-98.355665,19.10452602
99367,-98.30804724,19.10338206
100319,-100.5939507,19.18659147
100320,-100.5462912,19.18614555
100321,-100.4986319,19.18568478
100322,-100.4509731,19.18520913
100323,-100.4033145,19.18471863
100324,-100.3556563,19.18421326
100325,-100.3079985,19.18369303
100326,-100.260341,19.18315794
100327,-100.2126839,19.18260799
100328,-100.1650272,19.18204318
100329,-100.1173709,19.1814635
100330,-100.069715,19.18086896
100331,-100.0220596,19.18025957
100332,-99.97440451,19.17963531
100333,-99.92674991,19.17899619
100334,-99.87909575,19.1783422
100335,-99.83144207,19.17767336
100336,-99.78378885,19.17698966
100337,-99.73613611,19.1762911
100338,-99.68848387,19.17557767
100339,-99.64083213,19.17484939
100340,-99.59318091,19.17410625
100341,-99.5455302,19.17334825
100342,-99.49788003,19.17257539
100343,-99.45023041,19.17178767
100344,-99.40258134,19.17098509
100345,-99.35493284,19.17016765
100346,-99.30728491,19.16933536
100347,-99.25963757,19.1684882
100348,-99.21199082,19.16762619
100349,-99.16434468,19.16674932
100350,-99.11669916,19.16585759
100351,-99.06905426,19.16495101
100352,-99.02141001,19.16402957
100353,-98.9737664,19.16309327
100354,-98.92612344,19.16214211
100355,-98.87848116,19.1611761
100356,-98.83083956,19.16019524
100357,-98.78319864,19.15919951
100358,-98.73555843,19.15818893
100359,-98.68791893,19.1571635
100360,-98.64028014,19.15612321
100361,-98.59264209,19.15506807
100362,-98.54500478,19.15399807
100363,-98.49736822,19.15291322
100364,-98.44973242,19.15181351
100365,-98.40209739,19.15069895
100366,-98.35446315,19.14956954
100367,-98.30682969,19.14842527
101319,-100.5934867,19.23164202
101320,-100.5458114,19.23119598
101321,-100.4981365,19.23073508
101322,-100.4504619,19.23025931
101323,-100.4027876,19.22976868
101324,-100.3551137,19.22926318
101325,-100.3074401,19.22874281
101326,-100.2597669,19.22820757
101327,-100.2120941,19.22765747
101328,-100.1644217,19.22709251
101329,-100.1167497,19.22651268
101330,-100.069078,19.22591798
101331,-100.0214068,19.22530842
101332,-99.97373607,19.22468399
101333,-99.92606575,19.2240447
101334,-99.87839588,19.22339055
101335,-99.83072647,19.22272153
101336,-99.78305753,19.22203764
101337,-99.73538908,19.22133889
101338,-99.68772111,19.22062528
101339,-99.64005366,19.2198968
101340,-99.59238671,19.21915346
101341,-99.54472029,19.21839526
101342,-99.49705441,19.21762219
101343,-99.44938907,19.21683426
101344,-99.40172428,19.21603147
101345,-99.35406006,19.21521381
101346,-99.30639642,19.21438129
101347,-99.25873336,19.21353391
101348,-99.2110709,19.21267167
101349,-99.16340905,19.21179457
101350,-99.11574782,19.2109026
101351,-99.06808721,19.20999577
101352,-99.02042724,19.20907409
101353,-98.97276792,19.20813754
101354,-98.92510926,19.20718613
101355,-98.87745127,19.20621986
101356,-98.82979395,19.20523873
101357,-98.78213733,19.20424274
101358,-98.73448141,19.20323189
101359,-98.6868262,19.20220618
101360,-98.63917171,19.20116562
101361,-98.59151795,19.20011019
101362,-98.54386493,19.19903991
101363,-98.49621267,19.19795477
101364,-98.44856117,19.19685477
101365,-98.40091044,19.19573991
101366,-98.35326049,19.1946102
101367,-98.30561134,19.19346562
102319,-100.5930223,19.27668976
102320,-100.5453313,19.27624361
102321,-100.4976407,19.27578258
102322,-100.4499503,19.27530668
102323,-100.4022603,19.27481592
102324,-100.3545707,19.27431028
102325,-100.3068814,19.27378977
102326,-100.2591924,19.2732544
102327,-100.2115039,19.27270415
102328,-100.1638157,19.27213903
102329,-100.116128,19.27155905
102330,-100.0684406,19.27096419
102331,-100.0207537,19.27035447
102332,-99.9730672,19.26972987
102333,-99.92538114,19.26909041
102334,-99.87769554,19.26843608
102335,-99.8300104,19.26776688
102336,-99.78232573,19.26708281
102337,-99.73464155,19.26638387
102338,-99.68695786,19.26567007
102339,-99.63927467,19.2649414
102340,-99.591592,19.26419786
102341,-99.54390985,19.26343945
102342,-99.49622824,19.26266618
102343,-99.44854717,19.26187803
102344,-99.40086666,19.26107503
102345,-99.35318671,19.26025715
102346,-99.30550734,19.25942441
102347,-99.25782856,19.2585768
102348,-99.21015038,19.25771433
102349,-99.1624728,19.25683699
102350,-99.11479584,19.25594479
102351,-99.06711952,19.25503772
102352,-99.01944382,19.25411578
102353,-98.97176878,19.25317898
102354,-98.9240944,19.25222732
102355,-98.87642069,19.25126079
102356,-98.82874766,19.2502794
102357,-98.78107532,19.24928314
102358,-98.73340368,19.24827202
102359,-98.68573275,19.24724604
102360,-98.63806255,19.2462052
102361,-98.59039307,19.24514949
102362,-98.54272434,19.24407892
102363,-98.49505636,19.24299349
102364,-98.44738915,19.24189319
102365,-98.39972271,19.24077804
102366,-98.35205705,19.23964802
102367,-98.30439219,19.23850314
103319,-100.5925577,19.32173472
103320,-100.544851,19.32128845
103321,-100.4971445,19.3208273
103322,-100.4494385,19.32035127
103323,-100.4017327,19.31986037
103324,-100.3540273,19.3193546
103325,-100.3063223,19.31883395
103326,-100.2586176,19.31829843
103327,-100.2109133,19.31774804
103328,-100.1632094,19.31718277
103329,-100.1155059,19.31660263
103330,-100.0678028,19.31600761
103331,-100.0201001,19.31539772
103332,-99.97239788,19.31477296
103333,-99.92469608,19.31413333
103334,-99.87699474,19.31347882
103335,-99.82929386,19.31280944
103336,-99.78159345,19.31212519
103337,-99.73389352,19.31142606
103338,-99.68619409,19.31071207
103339,-99.63849517,19.3099832
103340,-99.59079675,19.30923946
103341,-99.54309887,19.30848085
103342,-99.49540152,19.30770737
103343,-99.44770471,19.30691902
103344,-99.40000847,19.30611579
103345,-99.35231278,19.3052977
103346,-99.30461768,19.30446473
103347,-99.25692316,19.3036169
103348,-99.20922925,19.30275419
103349,-99.16153594,19.30187662
103350,-99.11384325,19.30098417
103351,-99.06615118,19.30007686
103352,-99.01845976,19.29915468
103353,-98.97076899,19.29821763
103354,-98.92307888,19.29726571
103355,-98.87538943,19.29629892
103356,-98.82770067,19.29531727
103357,-98.78001261,19.29432074
103358,-98.73232524,19.29330935
103359,-98.68463858,19.2922831
103360,-98.63695265,19.29124197
103361,-98.58926745,19.29018598
103362,-98.541583,19.28911512
103363,-98.49389929,19.2880294
103364,-98.44621635,19.28692881
103365,-98.39853419,19.28581336
103366,-98.35085281,19.28468304
103367,-98.30317223,19.28353785
104319,-100.5920928,19.36677693
104320,-100.5443703,19.36633053
104321,-100.4966481,19.36586926
104322,-100.4489262,19.3653931
104323,-100.4012047,19.36490207
104324,-100.3534836,19.36439616
104325,-100.3057628,19.36387538
104326,-100.2580424,19.36333971
104327,-100.2103223,19.36278917
104328,-100.1626026,19.36222375
104329,-100.1148834,19.36164345
104330,-100.0671645,19.36104827
104331,-100.0194461,19.36043822
104332,-99.97172812,19.35981329
104333,-99.92401057,19.35917348
104334,-99.87629348,19.3585188
104335,-99.82857684,19.35784924
104336,-99.78086068,19.35716481
104337,-99.73314501,19.35646549
104338,-99.68542983,19.3557513
104339,-99.63771515,19.35502224
104340,-99.59000099,19.3542783
104341,-99.54228735,19.35351949
104342,-99.49457425,19.3527458
104343,-99.4468617,19.35195723
104344,-99.39914971,19.35115379
104345,-99.35143828,19.35033548
104346,-99.30372743,19.34950229
104347,-99.25601717,19.34865422
104348,-99.20830751,19.34779129
104349,-99.16059845,19.34691348
104350,-99.11289002,19.34602079
104351,-99.06518221,19.34511323
104352,-99.01747505,19.3441908
104353,-98.96976853,19.3432535
104354,-98.92206268,19.34230133
104355,-98.8743575,19.34133428
104356,-98.826653,19.34035236
104357,-98.77894919,19.33935557
104358,-98.73124608,19.33834391
104359,-98.68354369,19.33731737
104360,-98.63584202,19.33627597
104361,-98.58814109,19.33521969
104362,-98.54044089,19.33414855
104363,-98.49274146,19.33306253
104364,-98.44504279,19.33196165
104365,-98.39734489,19.33084589
104366,-98.34964778,19.32971527
104367,-98.30195146,19.32856978
105319,-100.5916275,19.4118164
105320,-100.5438893,19.41136988
105321,-100.4961513,19.41090849
105322,-100.4484137,19.4104322
105323,-100.4006764,19.40994104
105324,-100.3529395,19.40943499
105325,-100.3052029,19.40891407
105326,-100.2574667,19.40837826
105327,-100.2097309,19.40782757
105328,-100.1619955,19.40726199
105329,-100.1142605,19.40668154
105330,-100.0665259,19.4060862
105331,-100.0187917,19.40547598
105332,-99.97105792,19.40485088
105333,-99.92332461,19.4042109
105334,-99.87559175,19.40355604
105335,-99.82785935,19.4028863
105336,-99.78012743,19.40220168
105337,-99.73239599,19.40150218
105338,-99.68466505,19.4007878
105339,-99.63693462,19.40005854
105340,-99.5892047,19.3993144
105341,-99.5414753,19.39855538
105342,-99.49374644,19.39778148
105343,-99.44601813,19.3969927
105344,-99.39829038,19.39618905
105345,-99.3505632,19.39537051
105346,-99.30283659,19.3945371
105347,-99.25511057,19.3936888
105348,-99.20738516,19.39282564
105349,-99.15966035,19.39194759
105350,-99.11193616,19.39105466
105351,-99.0642126,19.39014686
105352,-99.01648968,19.38922418
105353,-98.96876742,19.38828663
105354,-98.92104581,19.38733419
105355,-98.87332488,19.38636689
105356,-98.82560463,19.3853847
105357,-98.77788507,19.38438764
105358,-98.73016622,19.38337571
105359,-98.68244808,19.3823489
105360,-98.63473066,19.38130721
105361,-98.58701398,19.38025065
105362,-98.53929804,19.37917922
105363,-98.49158286,19.37809291
105364,-98.44386844,19.37699173
105365,-98.3961548,19.37587567
105366,-98.34844195,19.37474475
105367,-98.30072989,19.37359894
106319,-100.591162,19.45685317
106320,-100.5434079,19.45640653
106321,-100.4956542,19.45594501
106322,-100.4479008,19.4554686
106323,-100.4001478,19.4549773
106324,-100.3523951,19.45447112
106325,-100.3046427,19.45395005
106326,-100.2568907,19.45341409
106327,-100.2091392,19.45286325
106328,-100.161388,19.45229753
106329,-100.1136372,19.45171691
106330,-100.0658868,19.45112142
106331,-100.0181368,19.45051103
106332,-99.97038728,19.44988577
106333,-99.92263819,19.44924561
106334,-99.87488956,19.44859058
106335,-99.82714139,19.44792065
106336,-99.7793937,19.44723585
106337,-99.73164649,19.44653616
106338,-99.68389977,19.44582158
106339,-99.63615357,19.44509213
106340,-99.58840788,19.44434778
106341,-99.54066271,19.44358856
106342,-99.49291809,19.44281445
106343,-99.44517401,19.44202546
106344,-99.39743049,19.44122158
106345,-99.34968754,19.44040283
106346,-99.30194516,19.43956919
106347,-99.25420338,19.43872067
106348,-99.2064622,19.43785726
106349,-99.15872162,19.43697898
106350,-99.11098167,19.43608581
106351,-99.06324235,19.43517777
106352,-99.01550367,19.43425484
106353,-98.96776564,19.43331703
106354,-98.92002827,19.43236434
106355,-98.87229158,19.43139677
106356,-98.82455557,19.43041432
106357,-98.77682025,19.42941699
106358,-98.72908564,19.42840478
106359,-98.68135174,19.42737769
106360,-98.63361856,19.42633573
106361,-98.58588612,19.42527888
106362,-98.53815443,19.42420716
106363,-98.49042349,19.42312056
106364,-98.44269332,19.42201908
106365,-98.39496393,19.42090272
106366,-98.34723532,19.41977149
107319,-100.5906961,19.50188726
107320,-100.5429263,19.5014405
107321,-100.4951568,19.50097885
107322,-100.4473876,19.50050231
107323,-100.3996187,19.50001088
107324,-100.3518503,19.49950456
107325,-100.3040821,19.49898335
107326,-100.2563144,19.49844725
107327,-100.208547,19.49789626
107328,-100.16078,19.49733038
107329,-100.1130134,19.49674961
107330,-100.0652473,19.49615395
107331,-100.0174815,19.4955434
107332,-99.96971619,19.49491796
107333,-99.92195132,19.49427764
107334,-99.8741869,19.49362242
107335,-99.82642295,19.49295232
107336,-99.77865948,19.49226733
107337,-99.73089648,19.49156745
107338,-99.68313399,19.49085268
107339,-99.635372,19.49012302
107340,-99.58761053,19.48937848
107341,-99.53984959,19.48861905
107342,-99.49208918,19.48784473
107343,-99.44432932,19.48705552
107344,-99.39657003,19.48625143
107345,-99.3488113,19.48543245
107346,-99.30105315,19.48459859
107347,-99.25329559,19.48374984
107348,-99.20553863,19.4828862
107349,-99.15778228,19.48200768
107350,-99.11002655,19.48111427
107351,-99.06227145,19.48020597
107352,-99.014517,19.47928279
107353,-98.9667632,19.47834473
107354,-98.91901006,19.47739178
107355,-98.87125759,19.47642395
107356,-98.82350581,19.47544124
107357,-98.77575472,19.47444364
107358,-98.72800434,19.47343115
107359,-98.68025467,19.47240379
107360,-98.63250573,19.47136154
107361,-98.58475753,19.47030441
107362,-98.53701006,19.46923239
107363,-98.48926336,19.4681455
107364,-98.44151743,19.46704372
107365,-98.39377227,19.46592706
107366,-98.3460279,19.46479552
108319,-100.5902299,19.54691869
108320,-100.5424443,19.54647181
108321,-100.494659,19.54601003
108322,-100.446874,19.54553336
108323,-100.3990894,19.5450418
108324,-100.3513051,19.54453534
108325,-100.3035212,19.54401399
108326,-100.2557376,19.54347774
108327,-100.2079544,19.5429266
108328,-100.1601717,19.54236057
108329,-100.1123893,19.54177964
108330,-100.0646073,19.54118382
108331,-100.0168258,19.54057311
108332,-99.96904466,19.5399475
108333,-99.92126399,19.539307
108334,-99.87348378,19.53865161
108335,-99.82570404,19.53798132
108336,-99.77792477,19.53729614
108337,-99.73014599,19.53659607
108338,-99.6823677,19.53588111
108339,-99.63458992,19.53515125
108340,-99.58681266,19.53440651
108341,-99.53903592,19.53364687
108342,-99.49125973,19.53287234
108343,-99.44348408,19.53208292
108344,-99.39570899,19.53127861
108345,-99.34793448,19.53045941
108346,-99.30016054,19.52962532
108347,-99.25238719,19.52877633
108348,-99.20461445,19.52791246
108349,-99.15684231,19.5270337
108350,-99.1090708,19.52614005
108351,-99.06129992,19.52523151
108352,-99.01352968,19.52430808
108353,-98.96576009,19.52336976
108354,-98.91799117,19.52241656
108355,-98.87022293,19.52144846
108356,-98.82245536,19.52046548
108357,-98.77468849,19.51946761
108358,-98.72692233,19.51845485
108359,-98.67915688,19.5174272
108360,-98.63139216,19.51638467
108361,-98.58362818,19.51532725
108362,-98.53586494,19.51425495
108363,-98.48810246,19.51316776
108364,-98.44034075,19.51206568
108365,-98.39257982,19.51094872
108366,-98.34481967,19.50981687
109319,-100.5897635,19.59194749
109320,-100.541962,19.59150049
109321,-100.4941609,19.59103859
109322,-100.4463601,19.59056179
109323,-100.3985597,19.59007009
109324,-100.3507596,19.58956349
109325,-100.3029598,19.589042
109326,-100.2551605,19.58850561
109327,-100.2073615,19.58795432
109328,-100.1595629,19.58738813
109329,-100.1117647,19.58680704
109330,-100.0639669,19.58621106
109331,-100.0161696,19.58560018
109332,-99.96837268,19.5849744
109333,-99.92057621,19.58433372
109334,-99.8727802,19.58367815
109335,-99.82498465,19.58300768
109336,-99.77718958,19.58232232
109337,-99.72939499,19.58162206
109338,-99.6816009,19.5809069
109339,-99.63380732,19.58017685
109340,-99.58601426,19.5794319
109341,-99.53822172,19.57867205
109342,-99.49042973,19.57789731
109343,-99.44263828,19.57710768
109344,-99.39484739,19.57630315
109345,-99.34705708,19.57548372
109346,-99.29926734,19.5746494
109347,-99.2514782,19.57380019
109348,-99.20368965,19.57293608
109349,-99.15590172,19.57205708
109350,-99.10811441,19.57116319
109351,-99.06032774,19.5702544
109352,-99.01254171,19.56933072
109353,-98.96475633,19.56839215
109354,-98.91697161,19.56743868
109355,-98.86918757,19.56647032
109356,-98.82140422,19.56548707
109357,-98.77362156,19.56448893
109358,-98.72583961,19.56347589
109359,-98.67805837,19.56244797
109360,-98.63027786,19.56140515
109361,-98.58249809,19.56034745
109362,-98.53471906,19.55927485
109363,-98.4869408,19.55818736
109364,-98.4391633,19.55708499
109365,-98.39138658,19.55596772
109366,-98.34361065,19.55483556
110319,-100.5892967,19.63697369
110320,-100.5414794,19.63652656
110321,-100.4936625,19.63606454
110322,-100.4458459,19.63558761
110323,-100.3980296,19.63509577
110324,-100.3502137,19.63458904
110325,-100.3023981,19.6340674
110326,-100.254583,19.63353086
110327,-100.2067682,19.63297942
110328,-100.1589537,19.63241308
110329,-100.1111397,19.63183183
110330,-100.0633262,19.63123569
110331,-100.015513,19.63062464
110332,-99.96770026,19.62999869
110333,-99.91988798,19.62935784
110334,-99.87207615,19.62870209
110335,-99.82426478,19.62803144
110336,-99.7764539,19.62734589
110337,-99.7286435,19.62664543
110338,-99.6808336,19.62593008
110339,-99.6330242,19.62519983
110340,-99.58521533,19.62445467
110341,-99.53740698,19.62369462
110342,-99.48959918,19.62291967
110343,-99.44179192,19.62212982
110344,-99.39398522,19.62132507
110345,-99.3461791,19.62050542
110346,-99.29837355,19.61967087
110347,-99.2505686,19.61882143
110348,-99.20276425,19.61795709
110349,-99.15496051,19.61707784
110350,-99.1071574,19.61618371
110351,-99.05935492,19.61527467
110352,-99.01155308,19.61435074
110353,-98.9637519,19.61341191
110354,-98.91595138,19.61245818
110355,-98.86815154,19.61148956
110356,-98.82035238,19.61050604
110357,-98.77255392,19.60950762
110358,-98.72475616,19.60849431
110359,-98.67695913,19.60746611
110360,-98.62916282,19.60642301
110361,-98.58136725,19.60536501
110362,-98.53357242,19.60429212
110363,-98.48577836,19.60320434
110364,-98.43798507,19.60210166
110365,-98.39019255,19.60098409
110366,-98.34240083,19.59985163
111319,-100.5888296,19.6819973
111320,-100.5409965,19.68155006
111321,-100.4931637,19.6810879
111322,-100.4453313,19.68061084
111323,-100.3974992,19.68011888
111324,-100.3496674,19.679612
111325,-100.3018361,19.67909022
111326,-100.254005,19.67855354
111327,-100.2061744,19.67800195
111328,-100.1583442,19.67743545
111329,-100.1105144,19.67685404
111330,-100.0626849,19.67625773
111331,-100.0148559,19.67564652
111332,-99.96702739,19.6750204
111333,-99.91919928,19.67437937
111334,-99.87137163,19.67372344
111335,-99.82354444,19.6730526
111336,-99.77571773,19.67236686
111337,-99.72789151,19.67166622
111338,-99.68006578,19.67095067
111339,-99.63224057,19.67022022
111340,-99.58441587,19.66947486
111341,-99.5365917,19.6687146
111342,-99.48876807,19.66793944
111343,-99.440945,19.66714937
111344,-99.39312248,19.6663444
111345,-99.34530054,19.66552453
111346,-99.29747917,19.66468975
111347,-99.2496584,19.66384007
111348,-99.20183823,19.66297549
111349,-99.15401868,19.66209601
111350,-99.10619975,19.66120163
111351,-99.05838145,19.66029234
111352,-99.0105638,19.65936816
111353,-98.9627468,19.65842907
111354,-98.91493047,19.65747508
111355,-98.86711481,19.65650619
111356,-98.81929984,19.65552241
111357,-98.77148557,19.65452372
111358,-98.723672,19.65351013
111359,-98.67585916,19.65248164
111360,-98.62804704,19.65143826
111361,-98.58023566,19.65037997
111362,-98.53242503,19.64930679
111363,-98.48461516,19.64821871
111364,-98.43680606,19.64711573
111365,-98.38899774,19.64599785
111366,-98.34119021,19.64486508
112319,-100.5883622,19.72701837
112320,-100.5405132,19.726571
112321,-100.4926646,19.72610872
112322,-100.4448164,19.72563153
112323,-100.3969684,19.72513942
112324,-100.3491208,19.72463241
112325,-100.3012736,19.72411049
112326,-100.2534268,19.72357365
112327,-100.2055803,19.72302191
112328,-100.1577342,19.72245526
112329,-100.1098886,19.72187369
112330,-100.0620433,19.72127722
112331,-100.0141985,19.72066584
112332,-99.96635408,19.72003954
112333,-99.91851014,19.71939834
112334,-99.87066665,19.71874223
112335,-99.82282362,19.71807121
112336,-99.77498108,19.71738528
112337,-99.72713902,19.71668445
112338,-99.67929746,19.7159687
112339,-99.63145641,19.71523805
112340,-99.58361588,19.71449249
112341,-99.53577588,19.71373202
112342,-99.48793642,19.71295664
112343,-99.44009751,19.71216636
112344,-99.39225917,19.71136116
112345,-99.34442139,19.71054107
112346,-99.2965842,19.70970606
112347,-99.2487476,19.70885615
112348,-99.2009116,19.70799133
112349,-99.15307622,19.70711161
112350,-99.10524146,19.70621698
112351,-99.05740734,19.70530745
112352,-99.00957386,19.70438301
112353,-98.96174104,19.70344366
112354,-98.91390888,19.70248941
112355,-98.8660774,19.70152026
112356,-98.81824661,19.7005362
112357,-98.77041651,19.69953724
112358,-98.72258713,19.69852337
112359,-98.67475846,19.69749461
112360,-98.62693052,19.69645093
112361,-98.57910332,19.69539236
112362,-98.53127687,19.69431888
112363,-98.48345118,19.6932305
112364,-98.43562626,19.69212722
112365,-98.38780213,19.69100904
112366,-98.33997878,19.68987595
113319,-100.5878944,19.7720369
113320,-100.5400297,19.77158941
113321,-100.4921652,19.771127
113322,-100.4443011,19.77064968
113323,-100.3964373,19.77015744
113324,-100.3485739,19.76965029
113325,-100.3007108,19.76912822
113326,-100.2528481,19.76859124
113327,-100.2049858,19.76803934
113328,-100.1571239,19.76747253
113329,-100.1092623,19.76689081
113330,-100.0614012,19.76629417
113331,-100.0135406,19.76568262
113332,-99.96568032,19.76505616
113333,-99.91782053,19.76441478
113334,-99.86996119,19.76375849
113335,-99.82210233,19.76308728
113336,-99.77424394,19.76240116
113337,-99.72638603,19.76170013
113338,-99.67852863,19.76098419
113339,-99.63067174,19.76025334
113340,-99.58281536,19.75950757
113341,-99.53495952,19.75874689
113342,-99.48710422,19.7579713
113343,-99.43924947,19.7571808
113344,-99.39139528,19.75637539
113345,-99.34354167,19.75555506
113346,-99.29568863,19.75471983
113347,-99.24783619,19.75386969
113348,-99.19998436,19.75300463
113349,-99.15213314,19.75212466
113350,-99.10428254,19.75122979
113351,-99.05643258,19.75032001
113352,-99.00858327,19.74939531
113353,-98.96073461,19.74845571
113354,-98.91288662,19.7475012
113355,-98.8650393,19.74653178
113356,-98.81719268,19.74554745
113357,-98.76934675,19.74454821
113358,-98.72150153,19.74353407
113359,-98.67365703,19.74250501
113360,-98.62581326,19.74146106
113361,-98.57797023,19.74040219
113362,-98.53012795,19.73932842
113363,-98.48228644,19.73823974
113364,-98.43444569,19.73713615
113365,-98.38660573,19.73601766
113366,-98.33876656,19.73488427
114319,-100.5874264,19.81705293
114320,-100.5395458,19.81660532
114321,-100.4916655,19.81614278
114322,-100.4437855,19.81566533
114323,-100.3959058,19.81517295
114324,-100.3480265,19.81466566
114325,-100.3001476,19.81414345
114326,-100.252269,19.81360632
114327,-100.2043909,19.81305427
114328,-100.1565131,19.8124873
114329,-100.1086357,19.81190542
114330,-100.0607587,19.81130862
114331,-100.0128822,19.8106969
114332,-99.96500612,19.81007026
114333,-99.91713047,19.8094287
114334,-99.86925528,19.80877223
114335,-99.82138055,19.80810084
114336,-99.77350631,19.80741454
114337,-99.72563255,19.80671331
114338,-99.67775929,19.80599717
114339,-99.62988654,19.80526612
114340,-99.58201432,19.80452014
114341,-99.53414262,19.80375925
114342,-99.48627147,19.80298345
114343,-99.43840086,19.80219273
114344,-99.39053082,19.8013871
114345,-99.34266136,19.80056655
114346,-99.29479247,19.79973108
114347,-99.24692419,19.7988807
114348,-99.1990565,19.79801541
114349,-99.15118943,19.7971352
114350,-99.10332299,19.79624008
114351,-99.05545718,19.79533004
114352,-99.00759202,19.79440509
114353,-98.95972751,19.79346523
114354,-98.91186368,19.79251046
114355,-98.86400052,19.79154077
114356,-98.81613805,19.79055617
114357,-98.76827628,19.78955666
114358,-98.72041522,19.78854223
114359,-98.67255488,19.7875129
114360,-98.62469526,19.78646865
114361,-98.57683639,19.78540949
114362,-98.52897828,19.78433543
114363,-98.48112092,19.78324645
114364,-98.43326434,19.78214256
114365,-98.38540853,19.78102376
114366,-98.33755353,19.77989005
115319,-100.5869581,19.86206648
115320,-100.5390616,19.86161874
115321,-100.4911654,19.86115608
115322,-100.4432695,19.86067849
115323,-100.395374,19.86018598
115324,-100.3474788,19.85967855
115325,-100.299584,19.8591562
115326,-100.2516896,19.85861892
115327,-100.2037956,19.85806672
115328,-100.1559019,19.85749959
115329,-100.1080087,19.85691755
115330,-100.0601158,19.85632058
115331,-100.0122234,19.85570869
115332,-99.96433147,19.85508188
115333,-99.91643995,19.85444015
115334,-99.86854889,19.85378349
115335,-99.8206583,19.85311192
115336,-99.77276819,19.85242542
115337,-99.72487856,19.851724
115338,-99.67698944,19.85100767
115339,-99.62910083,19.85027641
115340,-99.58121274,19.84953023
115341,-99.53332518,19.84876913
115342,-99.48543816,19.84799311
115343,-99.43755169,19.84720217
115344,-99.38966579,19.84639632
115345,-99.34178047,19.84557554
115346,-99.29389572,19.84473984
115347,-99.24601157,19.84388923
115348,-99.19812803,19.8430237
115349,-99.1502451,19.84214324
115350,-99.1023628,19.84124787
115351,-99.05448113,19.84033759
115352,-99.00660011,19.83941238
115353,-98.95871975,19.83847226
115354,-98.91084006,19.83751722
115355,-98.86296105,19.83654727
115356,-98.81508272,19.83556239
115357,-98.7672051,19.83456261
115358,-98.71932818,19.8335479
115359,-98.67145199,19.83251828
115360,-98.62357653,19.83147375
115361,-98.5757018,19.8304143
115362,-98.52782784,19.82933993
115363,-98.47995463,19.82825065
115364,-98.4320822,19.82714646
115365,-98.38421055,19.82602735
115366,-98.33633969,19.82489333
116319,-100.5864894,19.90707758
116320,-100.538577,19.90662972
116321,-100.490665,19.90616693
116322,-100.4427532,19.90568921
116323,-100.3948418,19.90519656
116324,-100.3469308,19.90468899
116325,-100.2990201,19.90416649
116326,-100.2511098,19.90362906
116327,-100.2031999,19.90307671
116328,-100.1552903,19.90250943
116329,-100.1073812,19.90192722
116330,-100.0594725,19.90133009
116331,-100.0115642,19.90071803
116332,-99.96365637,19.90009104
116333,-99.91574897,19.89944913
116334,-99.86784203,19.89879229
116335,-99.81993557,19.89812053
116336,-99.77202958,19.89743385
116337,-99.72412408,19.89673223
116338,-99.67621908,19.8960157
116339,-99.62831459,19.89528424
116340,-99.58041063,19.89453785
116341,-99.53250719,19.89377654
116342,-99.4846043,19.89300031
116343,-99.43670196,19.89220915
116344,-99.38880019,19.89140307
116345,-99.34089899,19.89058206
116346,-99.29299837,19.88974614
116347,-99.24509835,19.88889529
116348,-99.19719894,19.88802951
116349,-99.14930014,19.88714882
116350,-99.10140197,19.8862532
116351,-99.05350444,19.88534266
116352,-99.00560755,19.8844172
116353,-98.95771132,19.88347682
116354,-98.90981576,19.88252152
116355,-98.86192088,19.88155129
116356,-98.81402669,19.88056615
116357,-98.7661332,19.87956608
116358,-98.71824043,19.8785511
116359,-98.67034837,19.87752119
116360,-98.62245704,19.87647637
116361,-98.57456646,19.87541662
116362,-98.52667663,19.87434196
116363,-98.47878757,19.87325238
116364,-98.43089928,19.87214788
116365,-98.38301177,19.87102846
116366,-98.33512506,19.86989413
117319,-100.5860205,19.95208626
117320,-100.5380922,19.95163827
117321,-100.4901642,19.95117535
117322,-100.4422366,19.95069749
117323,-100.3943093,19.95020471
117324,-100.3463824,19.949697
117325,-100.2984558,19.94917435
117326,-100.2505296,19.94863677
117327,-100.2026038,19.94808427
117328,-100.1546783,19.94751683
117329,-100.1067533,19.94693446
117330,-100.0588287,19.94633716
117331,-100.0109046,19.94572493
117332,-99.96298082,19.94509777
117333,-99.91505754,19.94445568
117334,-99.86713471,19.94379866
117335,-99.81921235,19.94312671
117336,-99.77129048,19.94243984
117337,-99.72336909,19.94173803
117338,-99.67544821,19.94102129
117339,-99.62752783,19.94028963
117340,-99.57960798,19.93954304
117341,-99.53168866,19.93878151
117342,-99.48376989,19.93800507
117343,-99.43585167,19.93721369
117344,-99.38793401,19.93640738
117345,-99.34001693,19.93558615
117346,-99.29210043,19.93474999
117347,-99.24418453,19.9338989
117348,-99.19626923,19.93303289
117349,-99.14835456,19.93215195
117350,-99.1004405,19.93125609
117351,-99.05252709,19.93034529
117352,-99.00461433,19.92941958
117353,-98.95670222,19.92847893
117354,-98.90879079,19.92752336
117355,-98.86088003,19.92655287
117356,-98.81296997,19.92556745
117357,-98.7650606,19.92456711
117358,-98.71715195,19.92355184
117359,-98.66924402,19.92252165
117360,-98.62133682,19.92147654
117361,-98.57343037,19.9204165
117362,-98.52552467,19.91934154
117363,-98.47761973,19.91825165
117364,-98.42971557,19.91714685
117365,-98.38181219,19.91602712
117366,-98.33390961,19.91489247
118319,-100.5855512,19.99709253
118320,-100.537607,19.99664441
118321,-100.4896631,19.99618136
118322,-100.4417196,19.99570338
118323,-100.3937764,19.99521046
118324,-100.3458336,19.9947026
118325,-100.2978911,19.99417981
118326,-100.249949,19.99364208
118327,-100.2020073,19.99308942
118328,-100.1540659,19.99252182
118329,-100.106125,19.99193929
118330,-100.0581845,19.99134183
118331,-100.0102445,19.99072943
118332,-99.96230483,19.99010209
118333,-99.91436564,19.98945982
118334,-99.86642692,19.98880262
118335,-99.81848866,19.98813049
118336,-99.77055089,19.98744342
118337,-99.72261361,19.98674141
118338,-99.67467682,19.98602448
118339,-99.62674055,19.98529261
118340,-99.57880481,19.98454581
118341,-99.53086959,19.98378408
118342,-99.48293492,19.98300741
118343,-99.43500081,19.98221581
118344,-99.38706726,19.98140928
118345,-99.33913428,19.98058782
118346,-99.29120189,19.97975143
118347,-99.2432701,19.97890011
118348,-99.19533891,19.97803385
118349,-99.14740834,19.97715267
118350,-99.0994784,19.97625655
118351,-99.0515491,19.97534551
118352,-99.00362045,19.97441953
118353,-98.95569245,19.97347862
118354,-98.90776513,19.97252279
118355,-98.85983849,19.97155203
118356,-98.81191254,19.97056633
118357,-98.76398729,19.96956571
118358,-98.71606275,19.96855016
118359,-98.66813894,19.96751968
118360,-98.62021586,19.96647428
118361,-98.57229352,19.96541395
118362,-98.52437194,19.96433869
118363,-98.47645112,19.9632485
118364,-98.42853108,19.96214339
118365,-98.38061182,19.96102335
118366,-98.33269336,19.95988838
119319,-100.5850816,20.04209642
119320,-100.5371215,20.04164818
119321,-100.4891617,20.041185
119322,-100.4412023,20.04070688
119323,-100.3932432,20.04021382
119324,-100.3452844,20.03970582
119325,-100.297326,20.03918289
119326,-100.249368,20.03864501
119327,-100.2014104,20.03809219
119328,-100.1534531,20.03752444
119329,-100.1054963,20.03694174
119330,-100.0575399,20.03634411
119331,-100.0095839,20.03573154
119332,-99.96162838,20.03510403
119333,-99.91367329,20.03446158
119334,-99.86571865,20.0338042
119335,-99.81776449,20.03313187
119336,-99.76981081,20.03244461
119337,-99.72185762,20.03174242
119338,-99.67390493,20.03102528
119339,-99.62595275,20.03029321
119340,-99.5780011,20.0295462
119341,-99.53004998,20.02878425
119342,-99.4820994,20.02800737
119343,-99.43414938,20.02721555
119344,-99.38619993,20.0264088
119345,-99.33825105,20.0255871
119346,-99.29030276,20.02475048
119347,-99.24235506,20.02389892
119348,-99.19440797,20.02303242
119349,-99.1464615,20.02215099
119350,-99.09851566,20.02125462
119351,-99.05057046,20.02034332
119352,-99.00262591,20.01941709
119353,-98.95468201,20.01847592
119354,-98.90673879,20.01751982
119355,-98.85879625,20.01654879
119356,-98.81085441,20.01556282
119357,-98.76291326,20.01456192
119358,-98.71497283,20.01354609
119359,-98.66703312,20.01251532
119360,-98.61909414,20.01146962
119361,-98.57115592,20.01040899
119362,-98.52321844,20.00933343
119363,-98.47528173,20.00824294
119364,-98.4273458,20.00713752
119365,-98.37941065,20.00601717
119366,-98.33147631,20.00488189
120319,-100.5846117,20.08709796
120320,-100.5366357,20.08664959
120321,-100.48866,20.08618629
120322,-100.4406846,20.08570803
120323,-100.3927096,20.08521484
120324,-100.3447349,20.0847067
120325,-100.2967606,20.08418361
120326,-100.2487866,20.08364558
120327,-100.2008131,20.08309261
120328,-100.1528399,20.0825247
120329,-100.1048672,20.08194184
120330,-100.0568949,20.08134404
120331,-100.008923,20.0807313
120332,-99.96095149,20.08010361
120333,-99.91298047,20.07946099
120334,-99.86500992,20.07880342
120335,-99.81703984,20.0781309
120336,-99.76907024,20.07744345
120337,-99.72110113,20.07674106
120338,-99.67313252,20.07602372
120339,-99.62516443,20.07529144
120340,-99.57719686,20.07454422
120341,-99.52922982,20.07378206
120342,-99.48126333,20.07300496
120343,-99.43329739,20.07221292
120344,-99.38533202,20.07140594
120345,-99.33736723,20.07058402
120346,-99.28940302,20.06974716
120347,-99.24143941,20.06889536
120348,-99.19347641,20.06802862
120349,-99.14551403,20.06714695
120350,-99.09755228,20.06625033
120351,-99.04959117,20.06533878
120352,-99.00163071,20.06441228
120353,-98.9536709,20.06347085
120354,-98.90571177,20.06251448
120355,-98.85775333,20.06154318
120356,-98.80979557,20.06055693
120357,-98.76183852,20.05955575
120358,-98.71388218,20.05853964
120359,-98.66592657,20.05750858
120360,-98.61797169,20.05646259
120361,-98.57001756,20.05540167
120362,-98.52206418,20.05432581
120363,-98.47411157,20.05323501
120364,-98.42615973,20.05212928
120365,-98.37820869,20.05100862
120366,-98.33025844,20.04987302
121319,-100.5841415,20.13209717
121320,-100.5361496,20.13164868
121321,-100.4881579,20.13118524
121322,-100.4401666,20.13070686
121323,-100.3921756,20.13021352
121324,-100.344185,20.12970524
121325,-100.2961948,20.12918201
121326,-100.2482049,20.12864383
121327,-100.2002154,20.1280907
121328,-100.1522263,20.12752263
121329,-100.1042376,20.12693961
121330,-100.0562494,20.12634164
121331,-100.0082615,20.12572873
121332,-99.96027415,20.12510086
121333,-99.9122872,20.12445806
121334,-99.86430072,20.1238003
121335,-99.8163147,20.1231276
121336,-99.76832917,20.12243996
121337,-99.72034413,20.12173736
121338,-99.6723596,20.12101983
121339,-99.62437558,20.12028734
121340,-99.57639208,20.11953991
121341,-99.52840912,20.11877754
121342,-99.4804267,20.11800022
121343,-99.43244484,20.11720796
121344,-99.38446354,20.11640075
121345,-99.33648282,20.1155786
121346,-99.28850269,20.11474151
121347,-99.24052316,20.11388947
121348,-99.19254424,20.11302249
121349,-99.14456593,20.11214056
121350,-99.09658826,20.11124369
121351,-99.04861123,20.11033188
121352,-99.00063484,20.10940513
121353,-98.95265912,20.10846344
121354,-98.90468407,20.1075068
121355,-98.85670971,20.10653522
121356,-98.80873604,20.1055487
121357,-98.76076307,20.10454724
121358,-98.71279081,20.10353084
121359,-98.66481928,20.1024995
121360,-98.61684849,20.10145321
121361,-98.56887844,20.10039199
121362,-98.52090915,20.09931583
121363,-98.47294063,20.09822473
121364,-98.42497288,20.09711869
121365,-98.37700593,20.09599771
121366,-98.32903977,20.09486179
122319,-100.583671,20.17709409
122320,-100.5356631,20.17664547
122321,-100.4876555,20.1761819
122322,-100.4396482,20.17570338
122323,-100.3916413,20.17520991
122324,-100.3436348,20.17470148
122325,-100.2956286,20.1741781
122326,-100.2476228,20.17363977
122327,-100.1996173,20.17308649
122328,-100.1516123,20.17251826
122329,-100.1036077,20.17193507
122330,-100.0556035,20.17133693
122331,-100.0075997,20.17072385
122332,-99.95959635,20.17009581
122333,-99.91159347,20.16945282
122334,-99.86359104,20.16879488
122335,-99.81558909,20.16812199
122336,-99.76758762,20.16743415
122337,-99.71958664,20.16673136
122338,-99.67158616,20.16601362
122339,-99.6235862,20.16528093
122340,-99.57558677,20.1645333
122341,-99.52758787,20.16377071
122342,-99.47958951,20.16299317
122343,-99.43159171,20.16220069
122344,-99.38359448,20.16139325
122345,-99.33559783,20.16057087
122346,-99.28760176,20.15973354
122347,-99.2396063,20.15888126
122348,-99.19161144,20.15801404
122349,-99.1436172,20.15713186
122350,-99.0956236,20.15623474
122351,-99.04763063,20.15532268
122352,-98.99963832,20.15439566
122353,-98.95164667,20.1534537
122354,-98.90365569,20.1524968
122355,-98.8556654,20.15152494
122356,-98.80767579,20.15053815
122357,-98.7596869,20.1495364
122358,-98.71169872,20.14851972
122359,-98.66371126,20.14748809
122360,-98.61572454,20.14644151
122361,-98.56773857,20.14537999
122362,-98.51975336,20.14430352
122363,-98.47176891,20.14321212
122364,-98.42378524,20.14210577
122365,-98.37580236,20.14098447
122366,-98.32782028,20.13984823
123319,-100.5832002,20.22208873
123320,-100.5351763,20.22163998
123321,-100.4871528,20.22117628
123322,-100.4391295,20.22069763
123323,-100.3911067,20.22020401
123324,-100.3430842,20.21969544
123325,-100.295062,20.21917192
123326,-100.2470402,20.21863343
123327,-100.1990189,20.21808
123328,-100.1509979,20.2175116
123329,-100.1029773,20.21692825
123330,-100.0549571,20.21632995
123331,-100.0069374,20.21571669
123332,-99.95891811,20.21508847
123333,-99.91089927,20.2144453
123334,-99.86288089,20.21378718
123335,-99.81486299,20.2131141
123336,-99.76684557,20.21242607
123337,-99.71882864,20.21172308
123338,-99.67081221,20.21100514
123339,-99.62279631,20.21027224
123340,-99.57478092,20.20952439
123341,-99.52676607,20.20876159
123342,-99.47875177,20.20798383
123343,-99.43073802,20.20719112
123344,-99.38272485,20.20638346
123345,-99.33471225,20.20556085
123346,-99.28670024,20.20472328
123347,-99.23868883,20.20387076
123348,-99.19067803,20.20300329
123349,-99.14266785,20.20212087
123350,-99.0946583,20.2012235
123351,-99.04664939,20.20031118
123352,-98.99864113,20.1993839
123353,-98.95063354,20.19844168
123354,-98.90262662,20.1974845
123355,-98.85462039,20.19651237
123356,-98.80661485,20.1955253
123357,-98.75861001,20.19452327
123358,-98.7106059,20.1935063
123359,-98.6626025,20.19247438
123360,-98.61459985,20.19142751
123361,-98.56659794,20.19036569
123362,-98.51859679,20.18928892
123363,-98.47059641,20.1881972
123364,-98.42259681,20.18709054
123365,-98.374598,20.18596893
123366,-98.32659999,20.18483238
124319,-100.582729,20.26708111
124320,-100.5346892,20.26663224
124321,-100.4866497,20.26616841
124322,-100.4386105,20.26568962
124323,-100.3905717,20.26519587
124324,-100.3425332,20.26468715
124325,-100.2944951,20.26416348
124326,-100.2464573,20.26362485
124327,-100.19842,20.26307125
124328,-100.150383,20.2625027
124329,-100.1023465,20.26191918
124330,-100.0543104,20.26132071
124331,-100.0062747,20.26070728
124332,-99.95823941,20.26007888
124333,-99.91020461,20.25943553
124334,-99.86217027,20.25877722
124335,-99.81413641,20.25810395
124336,-99.76610302,20.25741572
124337,-99.71807014,20.25671254
124338,-99.67003775,20.25599439
124339,-99.62200588,20.25526129
124340,-99.57397454,20.25451323
124341,-99.52594373,20.25375021
124342,-99.47791347,20.25297223
124343,-99.42988377,20.2521793
124344,-99.38185463,20.25137141
124345,-99.33382608,20.25054856
124346,-99.28579811,20.24971076
124347,-99.23777074,20.248858
124348,-99.18974399,20.24799029
124349,-99.14171785,20.24710762
124350,-99.09369235,20.24620999
124351,-99.04566749,20.24529741
124352,-98.99764328,20.24436987
124353,-98.94961974,20.24342738
124354,-98.90159687,20.24246994
124355,-98.85357469,20.24149754
124356,-98.8055532,20.24051018
124357,-98.75753242,20.23950787
124358,-98.70951235,20.23849061
124359,-98.66149301,20.2374584
124360,-98.61347441,20.23641123
124361,-98.56545656,20.23534911
124362,-98.51743946,20.23427204
124363,-98.46942314,20.23318002
124364,-98.42140759,20.23207304
124365,-98.37339284,20.23095112
124366,-98.32537889,20.22981424
125319,-100.5822576,20.31207128
125320,-100.5342018,20.31162228
125321,-100.4861463,20.31115832
125322,-100.4380911,20.31067939
125323,-100.3900363,20.3101855
125324,-100.3419818,20.30967664
125325,-100.2939277,20.30915282
125326,-100.245874,20.30861403
125327,-100.1978207,20.30806028
125328,-100.1497678,20.30749156
125329,-100.1017153,20.30690788
125330,-100.0536632,20.30630924
125331,-100.0056115,20.30569563
125332,-99.95756027,20.30506706
125333,-99.90950949,20.30442353
125334,-99.86145918,20.30376503
125335,-99.81340934,20.30309157
125336,-99.76535999,20.30240315
125337,-99.71731113,20.30169976
125338,-99.66926277,20.30098141
125339,-99.62121493,20.3002481
125340,-99.57316762,20.29949983
125341,-99.52512084,20.2987366
125342,-99.47707461,20.2979584
125343,-99.42902894,20.29716524
125344,-99.38098384,20.29635712
125345,-99.33293932,20.29553404
125346,-99.28489538,20.294696
125347,-99.23685205,20.293843
125348,-99.18880933,20.29297504
125349,-99.14076723,20.29209212
125350,-99.09272577,20.29119424
125351,-99.04468494,20.2902814
125352,-98.99664477,20.2893536
125353,-98.94860527,20.28841084
125354,-98.90056644,20.28745313
125355,-98.85252829,20.28648045
125356,-98.80449084,20.28549282
125357,-98.7564541,20.28449023
125358,-98.70841807,20.28347268
125359,-98.66038278,20.28244017
125360,-98.61234822,20.28139271
125361,-98.56431441,20.28033029
125362,-98.51628136,20.27925291
125363,-98.46824908,20.27816058
125364,-98.42021758,20.27705329
125365,-98.37218688,20.27593105
125366,-98.32415697,20.27479385
126319,-100.5817858,20.35705924
126320,-100.533714,20.35661012
126321,-100.4856425,20.35614602
126322,-100.4375714,20.35566696
126323,-100.3895006,20.35517293
126324,-100.3414301,20.35466392
126325,-100.29336,20.35413995
126326,-100.2452903,20.35360101
126327,-100.197221,20.35304711
126328,-100.1491521,20.35247823
126329,-100.1010836,20.35189438
126330,-100.0530155,20.35129557
126331,-100.0049479,20.35068179
126332,-99.95688067,20.35005304
126333,-99.90881391,20.34940932
126334,-99.86074762,20.34875064
126335,-99.81268179,20.34807699
126336,-99.76461646,20.34738837
126337,-99.71655161,20.34668478
126338,-99.66848728,20.34596623
126339,-99.62042346,20.34523271
126340,-99.57236016,20.34448422
126341,-99.52429741,20.34372077
126342,-99.4762352,20.34294236
126343,-99.42817355,20.34214897
126344,-99.38011247,20.34134063
126345,-99.33205197,20.34051731
126346,-99.28399206,20.33967903
126347,-99.23593275,20.33882579
126348,-99.18787405,20.33795758
126349,-99.13981598,20.33707441
126350,-99.09175854,20.33617628
126351,-99.04370174,20.33526318
126352,-98.9956456,20.33433512
126353,-98.94759012,20.33339209
126354,-98.89953531,20.3324341
126355,-98.8514812,20.33146115
126356,-98.80342778,20.33047324
126357,-98.75537507,20.32947036
126358,-98.70732307,20.32845252
126359,-98.65927181,20.32741973
126360,-98.61122128,20.32637196
126361,-98.5631715,20.32530924
126362,-98.51512249,20.32423156
126363,-98.46707424,20.32313892
126364,-98.41902678,20.32203132
126365,-98.37098011,20.32090876
126366,-98.32293424,20.31977123
127319,-100.5813137,20.40204504
127320,-100.5332259,20.40159578
127321,-100.4851384,20.40113156
127322,-100.4370513,20.40065236
127323,-100.3889645,20.40015818
127324,-100.3408781,20.39964903
127325,-100.292792,20.39912491
127326,-100.2447063,20.39858582
127327,-100.196621,20.39803175
127328,-100.1485361,20.39746272
127329,-100.1004516,20.3968787
127330,-100.0523675,20.39627972
127331,-100.0042838,20.39566576
127332,-99.95620062,20.39503683
127333,-99.90811787,20.39439293
127334,-99.86003558,20.39373406
127335,-99.81195376,20.39306022
127336,-99.76387243,20.3923714
127337,-99.7157916,20.39166762
127338,-99.66771127,20.39094886
127339,-99.61963145,20.39021513
127340,-99.57155217,20.38946644
127341,-99.52347342,20.38870277
127342,-99.47539522,20.38792413
127343,-99.42731758,20.38713052
127344,-99.37924052,20.38632194
127345,-99.33116403,20.3854984
127346,-99.28308813,20.38465988
127347,-99.23501283,20.38380639
127348,-99.18693815,20.38293794
127349,-99.13886409,20.38205452
127350,-99.09079066,20.38115613
127351,-99.04271788,20.38024277
127352,-98.99464575,20.37931444
127353,-98.94657429,20.37837115
127354,-98.89850351,20.37741288
127355,-98.85043341,20.37643966
127356,-98.80236401,20.37545146
127357,-98.75429531,20.3744483
127358,-98.70622734,20.37343017
127359,-98.6581601,20.37239708
127360,-98.61009359,20.37134902
127361,-98.56202784,20.370286
127362,-98.51396284,20.36920801
127363,-98.46589862,20.36811506
127364,-98.41783519,20.36700714
127365,-98.36977254,20.36588426
127366,-98.3217107,20.36474642
128319,-100.5808413,20.44702868
128320,-100.5327375,20.4465793
128321,-100.484634,20.44611494
128322,-100.4365309,20.4456356
128323,-100.3884281,20.44514129
128324,-100.3403256,20.44463199
128325,-100.2922235,20.44410772
128326,-100.2441218,20.44356848
128327,-100.1960205,20.44301425
128328,-100.1479196,20.44244505
128329,-100.0998191,20.44186087
128330,-100.051719,20.44126172
128331,-100.0036193,20.44064759
128332,-99.95552012,20.44001848
128333,-99.90742136,20.43937439
128334,-99.85932306,20.43871533
128335,-99.81122524,20.4380413
128336,-99.76312791,20.43735229
128337,-99.71503107,20.4366483
128338,-99.66693474,20.43592934
128339,-99.61883892,20.4351954
128340,-99.57074364,20.43444649
128341,-99.52264889,20.4336826
128342,-99.47455469,20.43290374
128343,-99.42646105,20.43210991
128344,-99.37836798,20.4313011
128345,-99.33027549,20.43047732
128346,-99.2821836,20.42963856
128347,-99.23409231,20.42878483
128348,-99.18600163,20.42791613
128349,-99.13791157,20.42703246
128350,-99.08982215,20.42613381
128351,-99.04173337,20.42522019
128352,-98.99364525,20.4242916
128353,-98.94555779,20.42334804
128354,-98.89747101,20.4223895
128355,-98.84938492,20.421416
128356,-98.80129953,20.42042752
128357,-98.75321484,20.41942407
128358,-98.70513088,20.41840566
128359,-98.65704765,20.41737227
128360,-98.60896515,20.41632391
128361,-98.56088341,20.41526058
128362,-98.51280243,20.41418229
128363,-98.46472222,20.41308903
128364,-98.4166428,20.41198079
128365,-98.36856417,20.41085759
128366,-98.32048634,20.40971942
129319,-100.5803686,20.4920102
129320,-100.5322488,20.49156069
129321,-100.4841293,20.4910962
129322,-100.4360101,20.49061672
129323,-100.3878913,20.49012227
129324,-100.3397728,20.48961283
129325,-100.2916547,20.48908841
129326,-100.243537,20.48854901
129327,-100.1954196,20.48799463
129328,-100.1473027,20.48742526
129329,-100.0991862,20.48684092
129330,-100.0510701,20.48624159
129331,-100.0029544,20.48562728
129332,-99.95483916,20.48499799
129333,-99.90672439,20.48435373
129334,-99.85861008,20.48369448
129335,-99.81049624,20.48302025
129336,-99.76238289,20.48233104
129337,-99.71427004,20.48162685
129338,-99.66615769,20.48090768
129339,-99.61804587,20.48017354
129340,-99.56993457,20.47942441
129341,-99.52182381,20.47866031
129342,-99.4737136,20.47788122
129343,-99.42560395,20.47708716
129344,-99.37749487,20.47627812
129345,-99.32938637,20.4754541
129346,-99.28127847,20.47461511
129347,-99.23317116,20.47376114
129348,-99.18506448,20.47289218
129349,-99.13695841,20.47200826
129350,-99.08885298,20.47110935
129351,-99.0407482,20.47019547
129352,-98.99264407,20.46926662
129353,-98.94454061,20.46832278
129354,-98.89643783,20.46736398
129355,-98.84833574,20.46639019
129356,-98.80023434,20.46540143
129357,-98.75213366,20.4643977
129358,-98.70403369,20.46337899
129359,-98.65593445,20.46234531
129360,-98.60783596,20.46129665
129361,-98.55973822,20.46023302
129362,-98.51164124,20.45915442
129363,-98.46354504,20.45806084
129364,-98.41544962,20.45695229
129365,-98.36735499,20.45582877
129366,-98.31926117,20.45469028
130319,-100.5798956,20.53698963
130320,-100.5317597,20.53653999
130321,-100.4836242,20.53607536
130322,-100.435489,20.53559575
130323,-100.3873541,20.53510115
130324,-100.3392196,20.53459157
130325,-100.2910855,20.534067
130326,-100.2429517,20.53352744
130327,-100.1948184,20.5329729
130328,-100.1466854,20.53240337
130329,-100.0985528,20.53181886
130330,-100.0504207,20.53121936
130331,-100.002289,20.53060488
130332,-99.95415775,20.52997541
130333,-99.90602695,20.52933095
130334,-99.85789661,20.52867152
130335,-99.80976675,20.52799709
130336,-99.76163738,20.52730769
130337,-99.7135085,20.5266033
130338,-99.66538013,20.52588392
130339,-99.61725228,20.52514957
130340,-99.56912496,20.52440023
130341,-99.52099818,20.5236359
130342,-99.47287194,20.5228566
130343,-99.42474627,20.52206231
130344,-99.37662117,20.52125304
130345,-99.32849666,20.52042878
130346,-99.28037273,20.51958955
130347,-99.23224941,20.51873533
130348,-99.1841267,20.51786613
130349,-99.13600462,20.51698195
130350,-99.08788318,20.51608279
130351,-99.03976238,20.51516864
130352,-98.99164223,20.51423952
130353,-98.94352276,20.51329542
130354,-98.89540396,20.51233634
130355,-98.84728585,20.51136227
130356,-98.79916844,20.51037323
130357,-98.75105175,20.50936921
130358,-98.70293577,20.50835021
130359,-98.65482052,20.50731623
130360,-98.60670602,20.50626727
130361,-98.55859227,20.50520334
130362,-98.51047928,20.50412443
130363,-98.46236707,20.50303054
130364,-98.41425564,20.50192167
130365,-98.36614501,20.50079783
130366,-98.31803518,20.49965901
131319,-100.5794223,20.58196698
131320,-100.5312703,20.58151721
131321,-100.4831188,20.58105245
131322,-100.4349675,20.5805727
131323,-100.3868166,20.58007796
131324,-100.3386661,20.57956823
131325,-100.2905159,20.57904351
131326,-100.2423661,20.5785038
131327,-100.1942167,20.5779491
131328,-100.1460677,20.5773794
131329,-100.0979191,20.57679472
131330,-100.0497709,20.57619505
131331,-100.0016232,20.57558039
131332,-99.95347588,20.57495074
131333,-99.90532905,20.57430611
131334,-99.85718267,20.57364648
131335,-99.80903678,20.57297186
131336,-99.76089137,20.57228226
131337,-99.71274646,20.57157767
131338,-99.66460205,20.57085809
131339,-99.61645817,20.57012352
131340,-99.56831481,20.56937396
131341,-99.52017199,20.56860942
131342,-99.47202973,20.56782989
131343,-99.42388803,20.56703537
131344,-99.3757469,20.56622587
131345,-99.32760635,20.56540137
131346,-99.27946639,20.5645619
131347,-99.23132704,20.56370743
131348,-99.18318831,20.56283799
131349,-99.13505019,20.56195355
131350,-99.08691272,20.56105413
131351,-99.03877589,20.56013973
131352,-98.99063972,20.55921034
131353,-98.94250422,20.55826596
131354,-98.8943694,20.5573066
131355,-98.84623527,20.55633226
131356,-98.79810184,20.55534294
131357,-98.74996911,20.55433863
131358,-98.70183712,20.55331933
131359,-98.65370585,20.55228506
131360,-98.60557532,20.5512358
131361,-98.55744555,20.55017156
131362,-98.50931655,20.54909234
131363,-98.46118831,20.54799814
131364,-98.41306087,20.54688895
131365,-98.36493422,20.54576479
131366,-98.31680838,20.54462564
132319,-100.5789486,20.62694229
132320,-100.5307806,20.62649239
132321,-100.482613,20.6260275
132322,-100.4344457,20.62554761
132323,-100.3862787,20.62505272
132324,-100.3381121,20.62454285
132325,-100.2899459,20.62401797
132326,-100.2417801,20.62347811
132327,-100.1936146,20.62292325
132328,-100.1454496,20.62235339
132329,-100.0972849,20.62176854
132330,-100.0491207,20.6211687
132331,-100.0009569,20.62055386
132332,-99.95279357,20.61992403
132333,-99.90463068,20.61927921
132334,-99.85646826,20.61861939
132335,-99.80830632,20.61794458
132336,-99.76014486,20.61725478
132337,-99.7119839,20.61654998
132338,-99.66382345,20.61583019
132339,-99.61566352,20.61509541
132340,-99.56750412,20.61434564
132341,-99.51934526,20.61358088
132342,-99.47118695,20.61280112
132343,-99.42302921,20.61200638
132344,-99.37487203,20.61119664
132345,-99.32671544,20.61037191
132346,-99.27855945,20.60953219
132347,-99.23040406,20.60867748
132348,-99.18224928,20.60780778
132349,-99.13409513,20.60692309
132350,-99.08594162,20.60602341
132351,-99.03778875,20.60510875
132352,-98.98963655,20.60417909
132353,-98.94148501,20.60323444
132354,-98.89333415,20.60227481
132355,-98.84518398,20.60130019
132356,-98.79703452,20.60031058
132357,-98.74888576,20.59930598
132358,-98.70073773,20.59828639
132359,-98.65259043,20.59725182
132360,-98.60444387,20.59620226
132361,-98.55629807,20.59513771
132362,-98.50815304,20.59405818
132363,-98.46000878,20.59296366
132364,-98.4118653,20.59185416
132365,-98.36372262,20.59072967
132366,-98.31558075,20.5895902
133319,-100.5784746,20.67191557
133320,-100.5302906,20.67146555
133321,-100.4821069,20.67100052
133322,-100.4339235,20.67052049
133323,-100.3857405,20.67002547
133324,-100.3375578,20.66951544
133325,-100.2893756,20.66899042
133326,-100.2411936,20.66845039
133327,-100.1930121,20.66789537
133328,-100.144831,20.66732535
133329,-100.0966503,20.66674033
133330,-100.04847,20.66614032
133331,-100.0002902,20.6655253
133332,-99.95211079,20.66489529
133333,-99.90393185,20.66425028
133334,-99.85575337,20.66359027
133335,-99.80757537,20.66291527
133336,-99.75939785,20.66222526
133337,-99.71122084,20.66152027
133338,-99.66304433,20.66080027
133339,-99.61486835,20.66006528
133340,-99.56669289,20.65931529
133341,-99.51851798,20.65855031
133342,-99.47034362,20.65777032
133343,-99.42216982,20.65697535
133344,-99.37399659,20.65616538
133345,-99.32582395,20.65534041
133346,-99.2776519,20.65450045
133347,-99.22948046,20.65364549
133348,-99.18130963,20.65277554
133349,-99.13313943,20.6518906
133350,-99.08496987,20.65099066
133351,-99.03680096,20.65007573
133352,-98.9886327,20.6491458
133353,-98.94046512,20.64820089
133354,-98.89229821,20.64724097
133355,-98.844132,20.64626607
133356,-98.79596649,20.64527617
133357,-98.74780169,20.64427129
133358,-98.69963761,20.64325141
133359,-98.65147427,20.64221654
133360,-98.60331167,20.64116667
133361,-98.55514983,20.64010182
133362,-98.50698875,20.63902198
133363,-98.45882845,20.63792714
133364,-98.41066894,20.63681732
133365,-98.36251022,20.63569251
133366,-98.31435231,20.6345527
134319,-100.5780003,20.71688687
134320,-100.5298002,20.71643671
134321,-100.4816004,20.71597155
134322,-100.433401,20.71549138
134323,-100.3852019,20.71499621
134324,-100.3370032,20.71448604
134325,-100.2888048,20.71396086
134326,-100.2406068,20.71342068
134327,-100.1924093,20.7128655
134328,-100.1442121,20.71229532
134329,-100.0960153,20.71171013
134330,-100.0478189,20.71110994
134331,-99.99962303,20.71049474
134332,-99.95142756,20.70986455
134333,-99.90323255,20.70921935
134334,-99.855038,20.70855915
134335,-99.80684393,20.70788395
134336,-99.75865035,20.70719375
134337,-99.71045727,20.70648855
134338,-99.6622647,20.70576834
134339,-99.61407264,20.70503314
134340,-99.56588112,20.70428293
134341,-99.51769014,20.70351773
134342,-99.46949972,20.70273752
134343,-99.42130985,20.70194232
134344,-99.37312056,20.70113211
134345,-99.32493186,20.70030691
134346,-99.27674375,20.6994667
134347,-99.22855624,20.6986115
134348,-99.18036935,20.6977413
134349,-99.1321831,20.6968561
134350,-99.08399747,20.6959559
134351,-99.0358125,20.6950407
134352,-98.98762819,20.69411051
134353,-98.93944454,20.69316532
134354,-98.89126158,20.69220513
134355,-98.84307931,20.69122994
134356,-98.79489774,20.69023976
134357,-98.74671689,20.68923458
134358,-98.69853676,20.68821441
134359,-98.65035736,20.68717924
134360,-98.60217871,20.68612907
134361,-98.55400082,20.68506391
134362,-98.50582369,20.68398375
134363,-98.45764734,20.6828886
134364,-98.40947177,20.68177846
134365,-98.36129701,20.68065332
134366,-98.31312305,20.67951319
135319,-100.5775257,20.76185619
135320,-100.5293095,20.7614059
135321,-100.4810937,20.7609406
135322,-100.4328781,20.7604603
135323,-100.384663,20.75996499
135324,-100.3364482,20.75945466
135325,-100.2882337,20.75892934
135326,-100.2400196,20.758389
135327,-100.191806,20.75783366
135328,-100.1435927,20.75726331
135329,-100.0953799,20.75667795
135330,-100.0471674,20.75607758
135331,-99.99895543,20.75546221
135332,-99.95074388,20.75483183
135333,-99.90253278,20.75418645
135334,-99.85432216,20.75352606
135335,-99.80611201,20.75285066
135336,-99.75790235,20.75216026
135337,-99.70969319,20.75145485
135338,-99.66148454,20.75073444
135339,-99.61327641,20.74999902
135340,-99.56506881,20.7492486
135341,-99.51686175,20.74848317
135342,-99.46865525,20.74770274
135343,-99.42044931,20.7469073
135344,-99.37224395,20.74609686
135345,-99.32403917,20.74527142
135346,-99.27583499,20.74443097
135347,-99.22763141,20.74357552
135348,-99.17942845,20.74270507
135349,-99.13122612,20.74181961
135350,-99.08302443,20.74091915
135351,-99.03482338,20.74000369
135352,-98.986623,20.73907322
135353,-98.93842329,20.73812776
135354,-98.89022426,20.73716729
135355,-98.84202592,20.73619182
135356,-98.79382829,20.73520135
135357,-98.74563137,20.73419588
135358,-98.69743517,20.73317541
135359,-98.64923971,20.73213994
135360,-98.601045,20.73108947
135361,-98.55285104,20.730024
135362,-98.50465785,20.72894354
135363,-98.45646544,20.72784807
135364,-98.40827381,20.7267376
135365,-98.36008299,20.72561214
135366,-98.31189297,20.72447168
136332,-99.95005973,20.79979717
136333,-99.90183255,20.7991516
136334,-99.85360583,20.79849102
136335,-99.80537959,20.79781542
136336,-99.75715385,20.79712482
136337,-99.7089286,20.79641921
136338,-99.66070386,20.79569859
136339,-99.61247964,20.79496296
136340,-99.56425596,20.79421231
136341,-99.51603281,20.79344666
136342,-99.46781022,20.792666
136343,-99.4195882,20.79187034
136344,-99.37136675,20.79105966
136345,-99.32314589,20.79023398
136346,-99.27492562,20.78939328
136347,-99.22670596,20.78853758
136348,-99.17848692,20.78766688
136349,-99.13026851,20.78678116
136350,-99.08205073,20.78588044
136351,-99.03383361,20.78496471
136352,-98.98561715,20.78403398
136353,-98.93740136,20.78308824
136354,-98.88918625,20.78212749
136355,-98.84097183,20.78115174
136356,-98.79275812,20.78016098
136357,-98.74454512,20.77915522
136358,-98.69633285,20.77813446
136359,-98.64812131,20.77709869
136360,-98.59991053,20.77604791
136361,-98.55170049,20.77498213
136362,-98.50349123,20.77390135
136363,-98.45528275,20.77280556
136364,-98.40707505,20.77169477
136365,-98.35886816,20.77056898
136366,-98.31066207,20.76942819
